# SOURMASH-MANIFEST-VERSION: 1.0
internal_location,md5,md5short,ksize,moltype,num,scaled,n_hashes,with_abundance,name,filename
signatures/324074c7287ed934af4fd0a6a459aa30.sig.gz,324074c7287ed934af4fd0a6a459aa30,324074c7,31,DNA,0,1000,4168,False,"CP001472.1 Acidobacterium capsulatum ATCC 51196, complete genome",databases/podar-ref/0.fa
signatures/c11126d0591db94cd3d1c8568499375f.sig.gz,c11126d0591db94cd3d1c8568499375f,c11126d0,31,DNA,0,1000,1478,False,"CP001941.1 Aciduliprofundum boonei T469, complete genome",databases/podar-ref/1.fa
signatures/289407dcc3b5ed86aac3e60ea778049e.sig.gz,289407dcc3b5ed86aac3e60ea778049e,289407dc,31,DNA,0,1000,2713,False,"CP001097.1 Chlorobium limicola DSM 245, complete genome",databases/podar-ref/10.fa
signatures/9902df09c49eae79932ef40dccd508d7.sig.gz,9902df09c49eae79932ef40dccd508d7,9902df09,31,DNA,0,1000,2912,False,"CP000492.1 Chlorobium phaeobacteroides DSM 266, complete genome",databases/podar-ref/11.fa
signatures/33d6fc5ba0f518b036e13135976c5f43.sig.gz,33d6fc5ba0f518b036e13135976c5f43,33d6fc5b,31,DNA,0,1000,2076,False,"CP000607.1 Chlorobium phaeovibrioides DSM 265, complete genome",databases/podar-ref/12.fa
signatures/d49c2de1c1a924d92e841802e1c57c93.sig.gz,d49c2de1c1a924d92e841802e1c57c93,d49c2de1,31,DNA,0,1000,2169,False,"AE006470.1 Chlorobium tepidum TLS, complete genome",databases/podar-ref/13.fa
signatures/dfa50aeabf6119ce79f0df1cf8158008.sig.gz,dfa50aeabf6119ce79f0df1cf8158008,dfa50aea,31,DNA,0,1000,5050,False,"CP000909.1 Chloroflexus aurantiacus J-10-fl, complete genome",databases/podar-ref/14.fa
signatures/f16ed0263d531574f7b8c00b25abb975.sig.gz,f16ed0263d531574f7b8c00b25abb975,f16ed026,31,DNA,0,1000,3656,False,"CP000568.1 Clostridium thermocellum ATCC 27405, complete genome",databases/podar-ref/15.fa
signatures/782ec0d7017df4830e1fd7cbe7fbca37.sig.gz,782ec0d7017df4830e1fd7cbe7fbca37,782ec0d7,31,DNA,0,1000,3253,False,"NZ_CP015081.1 Deinococcus radiodurans R1 chromosome 1, complete sequence",databases/podar-ref/16.fa
signatures/4f6060905463539fc92cb5ee67552db5.sig.gz,4f6060905463539fc92cb5ee67552db5,4f606090,31,DNA,0,1000,3576,False,"NC_008751.1 Desulfovibrio vulgaris DP4, complete genome",databases/podar-ref/17.fa
signatures/85e27bbbee2de4bc1b92fdf87495eb2e.sig.gz,85e27bbbee2de4bc1b92fdf87495eb2e,85e27bbb,31,DNA,0,1000,1839,False,"CP001251.1 Dictyoglomus turgidum DSM 6724, complete genome",databases/podar-ref/18.fa
signatures/b6f8514330c2d92fe0ae9337e1111bb4.sig.gz,b6f8514330c2d92fe0ae9337e1111bb4,b6f85143,31,DNA,0,1000,3242,False,"NZ_KE136524.1 Enterococcus faecalis V583 acyDH-supercont2.1, whole genome shotgun sequence",databases/podar-ref/19.fa
signatures/f3a90d4e5528864a5bcc8434b0d0c3b1.sig.gz,f3a90d4e5528864a5bcc8434b0d0c3b1,f3a90d4e,31,DNA,0,1000,2701,False,"CP001071.1 Akkermansia muciniphila ATCC BAA-835, complete genome",databases/podar-ref/2.fa
signatures/6bc96e59f0031a59f071c6cdd552c4d1.sig.gz,6bc96e59f0031a59f071c6cdd552c4d1,6bc96e59,31,DNA,0,1000,2151,False,"AE009951.2 Fusobacterium nucleatum subsp. nucleatum ATCC 25586, complete genome",databases/podar-ref/20.fa
signatures/f3b3f1fde1daf747380e5c34717b290f.sig.gz,f3b3f1fde1daf747380e5c34717b290f,f3b3f1fd,31,DNA,0,1000,4629,False,"AP009153.1 Gemmatimonas aurantiaca T-27 DNA, complete genome",databases/podar-ref/21.fa
signatures/d912c0d77ba5f8a7f45a01de0ce478e4.sig.gz,d912c0d77ba5f8a7f45a01de0ce478e4,d912c0d7,31,DNA,0,1000,3778,False,"AE017180.2 Geobacter sulfurreducens PCA, complete genome",databases/podar-ref/22.fa
signatures/f299f676fc8922337c2c5d4c7d12e93a.sig.gz,f299f676fc8922337c2c5d4c7d12e93a,f299f676,31,DNA,0,1000,3950,False,"NC_013968.1 Haloferax volcanii DS2 plasmid pHV1, complete sequence",databases/podar-ref/23.fa
signatures/5165e0f27ae96c8a78da00c2d30a8e36.sig.gz,5165e0f27ae96c8a78da00c2d30a8e36,5165e0f2,31,DNA,0,1000,6606,False,"NC_009972.1 Herpetosiphon aurantiacus DSM 785, complete genome",databases/podar-ref/24.fa
signatures/2e5e6a3c3424fb639400d74abcbda1c6.sig.gz,2e5e6a3c3424fb639400d74abcbda1c6,2e5e6a3c,31,DNA,0,1000,1597,False,"CP001130.1 Hydrogenobaculum sp. Y04AAS1, complete genome",databases/podar-ref/25.fa
signatures/ed88074adf58a9cfce3a6e63ad414853.sig.gz,ed88074adf58a9cfce3a6e63ad414853,ed88074a,31,DNA,0,1000,1284,False,"CP000816.1 Ignicoccus hospitalis KIN4/I, complete genome",databases/podar-ref/26.fa
signatures/0f774696d30402cc9416e4339e29d022.sig.gz,0f774696d30402cc9416e4339e29d022,0f774696,31,DNA,0,1000,4808,False,"CP001013.1 Leptothrix cholodnii SP-6, complete genome",databases/podar-ref/27.fa
signatures/ca6869d4abc24811464383043b077800.sig.gz,ca6869d4abc24811464383043b077800,ca6869d4,31,DNA,0,1000,1680,False,"NC_000909.1 Methanocaldococcus jannaschii DSM 2661, complete genome",databases/podar-ref/28.fa
signatures/b0fb8a0eaa59aac1c267e3fd2e1e1aa1.sig.gz,b0fb8a0eaa59aac1c267e3fd2e1e1aa1,b0fb8a0e,31,DNA,0,1000,1770,False,"CP000609.1 Methanococcus maripaludis C5, complete genome",databases/podar-ref/29.fa
signatures/cee0a3fb7b00990a22be02b2b0a78418.sig.gz,cee0a3fb7b00990a22be02b2b0a78418,cee0a3fb,31,DNA,0,1000,2143,False,"AE000782.1 Archaeoglobus fulgidus DSM 4304, complete genome",databases/podar-ref/3.fa
signatures/d45be194ffb4596d4fa8845dd89d8d8d.sig.gz,d45be194ffb4596d4fa8845dd89d8d8d,d45be194,31,DNA,0,1000,1635,False,"BX950229.1 Methanococcus maripaludis strain S2, complete sequence",databases/podar-ref/30.fa
signatures/78e186071f95b5f58b294343ce2d7ff8.sig.gz,78e186071f95b5f58b294343ce2d7ff8,78e18607,31,DNA,0,1000,1635,False,"AE009439.1 Methanopyrus kandleri AV19, complete genome",databases/podar-ref/31.fa
signatures/56bdd31d168788f6b31dcd0751089a62.sig.gz,56bdd31d168788f6b31dcd0751089a62,56bdd31d,31,DNA,0,1000,5423,False,"AE010299.1 Methanosarcina acetivorans str. C2A, complete genome",databases/podar-ref/32.fa
signatures/d9e98fc66928684bf96f0aaeb4adcb6e.sig.gz,d9e98fc66928684bf96f0aaeb4adcb6e,d9e98fc6,31,DNA,0,1000,431,False,"NC_005213.1 Nanoarchaeum equitans Kin4-M chromosome, complete genome",databases/podar-ref/33.fa
signatures/d8ad9d2820efee039b6c50a767a603c8.sig.gz,d8ad9d2820efee039b6c50a767a603c8,d8ad9d28,31,DNA,0,1000,2742,False,"AL954747.1 Nitrosomonas europaea ATCC 19718, complete genome",databases/podar-ref/34.fa
signatures/264cfdad44548ad96c4a24b6a514a877.sig.gz,264cfdad44548ad96c4a24b6a514a877,264cfdad,31,DNA,0,1000,7295,False,"NC_003272.1 Nostoc sp. PCC 7120 DNA, complete genome",databases/podar-ref/35.fa
signatures/9b9d2415557f08b37f99abd7b8acc396.sig.gz,9b9d2415557f08b37f99abd7b8acc396,9b9d2415,31,DNA,0,1000,2965,False,"CP001110.1 Pelodictyon phaeoclathratiforme BU-1, complete genome",databases/podar-ref/36.fa
signatures/1471d6db344d5046899f85b521902fe7.sig.gz,1471d6db344d5046899f85b521902fe7,1471d6db,31,DNA,0,1000,2113,False,"AP009380.1 Porphyromonas gingivalis ATCC 33277 DNA, complete genome",databases/podar-ref/37.fa
signatures/4a154932a9c5ad4a44c2692edf8a6b34.sig.gz,4a154932a9c5ad4a44c2692edf8a6b34,4a154932,31,DNA,0,1000,2249,False,"AE009441.1 Pyrobaculum aerophilum str. IM2, complete genome",databases/podar-ref/38.fa
signatures/299321db294df4cb4ec008e414d200ae.sig.gz,299321db294df4cb4ec008e414d200ae,299321db,31,DNA,0,1000,2173,False,"CP000660.1 Pyrobaculum arsenaticum DSM 13514, complete genome",databases/podar-ref/39.fa
signatures/56ceec3045e833db30db8ad16969ff16.sig.gz,56ceec3045e833db30db8ad16969ff16,56ceec30,31,DNA,0,1000,6264,False,"AE015928.1 Bacteroides thetaiotaomicron VPI-5482, complete genome",databases/podar-ref/4.fa
signatures/ad83523f64ee0e17faf8b825d5201533.sig.gz,ad83523f64ee0e17faf8b825d5201533,ad83523f,31,DNA,0,1000,1985,False,"CP000561.1 Pyrobaculum calidifontis JCM 11548, complete genome",databases/podar-ref/40.fa
signatures/714aa2c36122b1f1c0e8400e4d236e3b.sig.gz,714aa2c36122b1f1c0e8400e4d236e3b,714aa2c3,31,DNA,0,1000,1845,False,"AE009950.1 Pyrococcus furiosus DSM 3638, complete genome",databases/podar-ref/41.fa
signatures/8acbe1802aebe9f0c23cc5428ac003ee.sig.gz,8acbe1802aebe9f0c23cc5428ac003ee,8acbe180,31,DNA,0,1000,1748,False,"BA000001.2 Pyrococcus horikoshii OT3 DNA, complete genome",databases/podar-ref/42.fa
signatures/7141c3fbf206734950d13cadba0bf46c.sig.gz,7141c3fbf206734950d13cadba0bf46c,7141c3fb,31,DNA,0,1000,7040,False,BX119912.1 Rhodopirellula baltica SH 1 complete genome,databases/podar-ref/43.fa
signatures/357c0e8c59953384de1f6c7605a60317.sig.gz,357c0e8c59953384de1f6c7605a60317,357c0e8c,31,DNA,0,1000,4575,False,"NC_003911.12 Ruegeria pomeroyi DSS-3, complete genome",databases/podar-ref/44.fa
signatures/5519d11c0ae28e167759d1c2b2e1b353.sig.gz,5519d11c0ae28e167759d1c2b2e1b353,5519d11c,31,DNA,0,1000,5674,False,"CP000850.1 Salinispora arenicola CNS-205, complete genome",databases/podar-ref/45.fa
signatures/e41c93cc239f49bd10ebd38dfd343075.sig.gz,e41c93cc239f49bd10ebd38dfd343075,e41c93cc,31,DNA,0,1000,5102,False,"CP000667.1 Salinispora tropica CNB-440, complete genome",databases/podar-ref/46.fa
signatures/09a08691ce52952152f0e866a59f6261.sig.gz,09a08691ce52952152f0e866a59f6261,09a08691,31,DNA,0,1000,5177,False,"NC_009665.1 Shewanella baltica OS185, complete genome",databases/podar-ref/47.fa
signatures/a30b11dbb40d8a88d56861b05c0a92a8.sig.gz,a30b11dbb40d8a88d56861b05c0a92a8,a30b11db,31,DNA,0,1000,1778,False,"NC_010730.1 Sulfurihydrogenibium sp. YO3AOP1, complete genome",databases/podar-ref/48.fa
signatures/ea1af81ce1042a3aaa59f860b8a39573.sig.gz,ea1af81ce1042a3aaa59f860b8a39573,ea1af81c,31,DNA,0,1000,1536,False,"NZ_ABZS01000228.1 Sulfurihydrogenibium yellowstonense SS-5 gcontig_18, whole genome shotgun sequence",databases/podar-ref/49.fa
signatures/960cc77fc7b96d595712107aaa1524b5.sig.gz,960cc77fc7b96d595712107aaa1524b5,960cc77f,31,DNA,0,1000,5000,False,"CP000139.1 Bacteroides vulgatus ATCC 8482, complete genome",databases/podar-ref/5.fa
signatures/123f408fa4f07b259bd53f8497dd56d2.sig.gz,123f408fa4f07b259bd53f8497dd56d2,123f408f,31,DNA,0,1000,2211,False,"CP000924.1 Thermoanaerobacter pseudethanolicus ATCC 33223, complete genome",databases/podar-ref/50.fa
signatures/1d815f5d470aaafbbca434a2c84f7dc1.sig.gz,1d815f5d470aaafbbca434a2c84f7dc1,1d815f5d,31,DNA,0,1000,1854,False,"CP000916.1 Thermotoga neapolitana DSM 4359, complete genome",databases/podar-ref/51.fa
signatures/745322649f94665adf60b2ee985746ca.sig.gz,745322649f94665adf60b2ee985746ca,74532264,31,DNA,0,1000,1777,False,"CP000702.1 Thermotoga petrophila RKU-1, complete genome",databases/podar-ref/52.fa
signatures/411679f88e1e2e6c7c70fbdc45cb3116.sig.gz,411679f88e1e2e6c7c70fbdc45cb3116,411679f8,31,DNA,0,1000,1837,False,"CP000969.1 Thermotoga sp. RQ2, complete genome",databases/podar-ref/53.fa
signatures/c3c880c49da784ff01dcea8381edfec6.sig.gz,c3c880c49da784ff01dcea8381edfec6,c3c880c4,31,DNA,0,1000,1938,False,"CP001230.1 Persephonella marina EX-H1, complete genome",databases/podar-ref/54.fa
signatures/a2c6721597c59adcd6739c36964e90ca.sig.gz,a2c6721597c59adcd6739c36964e90ca,a2c67215,31,DNA,0,1000,1857,False,"AE017221.1 Thermus thermophilus HB27, complete genome",databases/podar-ref/55.fa
signatures/16fb896404e24616e97adafab029a609.sig.gz,16fb896404e24616e97adafab029a609,16fb8964,31,DNA,0,1000,2848,False,"AE017226.1 Treponema denticola ATCC 35405, complete genome",databases/podar-ref/56.fa
signatures/eb0778b2d50402361622c2a5ce02a720.sig.gz,eb0778b2d50402361622c2a5ce02a720,eb0778b2,31,DNA,0,1000,2025,False,"BX571656.1 Wolinella succinogenes DSM 1740, complete genome",databases/podar-ref/57.fa
signatures/49bb148c4be3bea086ac80b86471cbba.sig.gz,49bb148c4be3bea086ac80b86471cbba,49bb148c,31,DNA,0,1000,2172,False,"NZ_KQ961402.1 Zymomonas mobilis strain ATCC 31823 Scaffold1, whole genome shotgun sequence",databases/podar-ref/58.fa
signatures/272eda69da90813c8c2e841e0555e5b0.sig.gz,272eda69da90813c8c2e841e0555e5b0,272eda69,31,DNA,0,1000,3520,False,"NZ_CH959311.1 Sulfitobacter sp. EE-36 scf_1099451318005, whole genome shotgun sequence",databases/podar-ref/59.fa
signatures/a86d20c0c746f8cd8628aaabf8e45221.sig.gz,a86d20c0c746f8cd8628aaabf8e45221,a86d20c0,31,DNA,0,1000,5296,False,"NZ_JGWU01000001.1 Bordetella bronchiseptica D989 ctg7180000008197, whole genome shotgun sequence",databases/podar-ref/6.fa
signatures/5f3cd303f3759ada3b1da0fe9f63c1f8.sig.gz,5f3cd303f3759ada3b1da0fe9f63c1f8,5f3cd303,31,DNA,0,1000,3859,False,"NZ_CH959317.1 Sulfitobacter sp. NAS-14.1 scf_1099451320472, whole genome shotgun sequence",databases/podar-ref/60.fa
signatures/112f1147a84d405033898f45cd1ef747.sig.gz,112f1147a84d405033898f45cd1ef747,112f1147,31,DNA,0,1000,2870,False,"NZ_DS996397.1 Desulfovibrio piger ATCC 29098 Scfld442, whole genome shotgun sequence",databases/podar-ref/61.fa
signatures/15d80d7279c7fe46d00c230ba79b81f3.sig.gz,15d80d7279c7fe46d00c230ba79b81f3,15d80d72,31,DNA,0,1000,2679,False,"BA000023.2 Sulfolobus tokodaii str. 7 DNA, complete genome",databases/podar-ref/62.fa
signatures/38729c6374925585db28916b82a6f513.sig.gz,38729c6374925585db28916b82a6f513,38729c63,31,DNA,0,1000,5238,False,"NC_011663.1 Shewanella baltica OS223, complete genome",databases/podar-ref/63.fa
signatures/ee9cb05018009af43429e83e7d502a0a.sig.gz,ee9cb05018009af43429e83e7d502a0a,ee9cb050,31,DNA,0,1000,9540,False,"NC_007951.1 Burkholderia xenovorans LB400 chromosome 1, complete sequence",databases/podar-ref/7.fa
signatures/8951157d23d89e5767ac5c7752d251d7.sig.gz,8951157d23d89e5767ac5c7752d251d7,8951157d,31,DNA,0,1000,2741,False,"CP000679.1 Caldicellulosiruptor saccharolyticus DSM 8903, complete genome",databases/podar-ref/8.fa
signatures/ee3dae19cbfe2e33299ef8e45c983f17.sig.gz,ee3dae19cbfe2e33299ef8e45c983f17,ee3dae19,31,DNA,0,1000,2784,False,"NZ_FWDH01000003.1 Caldicellulosiruptor bescii strain MACB1021, whole genome shotgun sequence",databases/podar-ref/9.fa
